<?xml version="1.0" encoding="ISO-8859-1"?>
<lectoratest>
<survey>0</survey>
<grade>1</grade>
<showresults>20</showresults>
<scoreonly>0</scoreonly>
<get>0</get>
<incvar>0</incvar>
<promptsuccess>1</promptsuccess>
<persist>0</persist>
<name>Lesson 6: Assessment</name>
<subject>Test Results</subject>
<testtime>0</testtime>
<numrandom>0</numrandom>
<passinggrade>80</passinggrade>
<cancelfail>a001_assessment_report_oops.html</cancelfail>
<passdone>a001_assessment_report_congrats.html</passdone>
<prevpage>a001_lesson_5_avoiding_common_pitfalls_module_summary.html</prevpage>
<page>
<index>0</index>
<name>a001_lesson_6_assessment_assessment.html</name>
</page>
<page>
<index>1</index>
<name>a001_lesson_6_assessment_assessment_question_1.html</name>
<question>
<id>19394</id>
<type>2</type>
<weight>10</weight>
<name>AssessmentQuestion_1</name>
<var>VarQuestion_0019</var>
<text>What are the key features of a Structured Behavioral Interview?\r\rSelect the correct options and then, click Submit.</text>
<correctans>Follows a standard format,Same questions asked of every applicant in the same order,Questions are based on job competencies,Questions are behavioral interview questions,Applicants are rated using the same scales</correctans>
<choices>Follows a standard format|Same questions asked of every applicant in the same order|Questions are based on job competencies|Questions are behavioral interview questions|Applicants are rated using the same scales|Applicants are asked to rate themselves at the end of the interview</choices>
<allowmult>1</allowmult>
<persist>0</persist>
<gradeindividual>0</gradeindividual>
<surveyquestion>0</surveyquestion>
</question>
</page>
<page>
<index>2</index>
<name>a001_lesson_6_assessment_assessment_question_2.html</name>
<question>
<id>19378</id>
<type>2</type>
<weight>10</weight>
<name>AssessmentQuestion_2</name>
<var>VarQuestion_0018</var>
<text>Structured Behavioral Interviewing improves the:</text>
<correctans>All of the above</correctans>
<choices>Validity of the interview. Since the interview uses behavioral-based questions, it is more likely to successfully predict future candidate success.|Fairness of the interview. Since all interviewees get the same experience, the interview is more likely to be perceived as fair.|Practicality of the interview. The predefined structure and questions means time doesn\u2019t have to be spent organizing the interview, and it is more likely to stay to the desired timeframe.|All of the above</choices>
<allowmult>0</allowmult>
<persist>0</persist>
<gradeindividual>0</gradeindividual>
<surveyquestion>0</surveyquestion>
</question>
</page>
<page>
<index>3</index>
<name>a001_lesson_6_assessment_assessment_question_3.html</name>
<question>
<id>19362</id>
<type>2</type>
<weight>10</weight>
<name>AssessmentQuestion_3</name>
<var>VarQuestion_0017</var>
<text>Your coworker tells you that the first step in creating and using a Structured Behavioral Interview is to perform a job analysis. Is this correct?</text>
<correctans>Yes, you perform a job analysis first to accurately define or validate the competencies for the job.</correctans>
<choices>Yes, you perform a job analysis first to accurately define or validate the competencies for the job.|Yes, you perform a job analysis first to capture the step-by-step tasks that the role performs on a daily basis.|No, first you plan the structure of the interview.|No, first you create the rating scale.</choices>
<allowmult>0</allowmult>
<persist>0</persist>
<gradeindividual>0</gradeindividual>
<surveyquestion>0</surveyquestion>
</question>
</page>
<page>
<index>4</index>
<name>a001_lesson_6_assessment_assessment_question_4.html</name>
<question>
<id>19346</id>
<type>2</type>
<weight>10</weight>
<name>AssessmentQuestion_4</name>
<var>VarQuestion_0016</var>
<text>One thing you should do when performing a job analysis is to:</text>
<correctans>Define the competency standards or benchmarks</correctans>
<choices>Draft questions related to the job analysis findings|Ensure you include an analysis of leadership skills|Draft probing questions related to the job analysis findings|Define the competency standards or benchmarks</choices>
<allowmult>0</allowmult>
<persist>0</persist>
<gradeindividual>0</gradeindividual>
<surveyquestion>0</surveyquestion>
</question>
</page>
<page>
<index>5</index>
<name>a001_lesson_6_assessment_assessment_question_5.html</name>
<question>
<id>19330</id>
<type>2</type>
<weight>10</weight>
<name>AssessmentQuestion_5</name>
<var>VarQuestion_0015</var>
<text>Your coworker tells you that the next step in the process is to plan the interview. When planning the interview, what types of questions should you draft?</text>
<correctans>Questions that ask about candidate\u2019s past performance in various situations related to the job competencies.</correctans>
<choices>Questions that ask how the candidate would handle future situations related to the job competencies.|Questions that ask how the candidate would perform the step-by-step tasks for the job.|Questions that ask about candidate\u2019s past performance in various situations related to the job competencies.|Questions that ask about the candidate\u2019s work history.</choices>
<allowmult>0</allowmult>
<persist>0</persist>
<gradeindividual>0</gradeindividual>
<surveyquestion>0</surveyquestion>
</question>
</page>
<page>
<index>6</index>
<name>a001_lesson_6_assessment_assessment_question_6.html</name>
<question>
<id>19308</id>
<type>2</type>
<weight>10</weight>
<name>AssessmentQuestion_6</name>
<var>VarQuestion_0014</var>
<text>When developing probing questions, you should develop questions that help you obtain information about:</text>
<correctans>The situation, action, and outcome</correctans>
<choices>The situation, pitfalls, and outcome|The action, best practices, and outcome|The situation, action, and outcome|The situation, key decisions, and action</choices>
<allowmult>0</allowmult>
<persist>0</persist>
<gradeindividual>0</gradeindividual>
<surveyquestion>0</surveyquestion>
</question>
</page>
<page>
<index>7</index>
<name>a001_lesson_6_assessment_assessment_question_7.html</name>
<question>
<id>19292</id>
<type>2</type>
<weight>10</weight>
<name>AssessmentQuestion_7</name>
<var>VarQuestion_0013</var>
<text>When you conduct the interview, it is important to:</text>
<correctans>Ask all the applicants the same questions</correctans>
<choices>Ask all the applicants the same questions|Rate  the candidate as they answer each question |Allow candidates time before the interview to ask questions|Probe after every question to get additional details</choices>
<allowmult>0</allowmult>
<persist>0</persist>
<gradeindividual>0</gradeindividual>
<surveyquestion>0</surveyquestion>
</question>
</page>
<page>
<index>8</index>
<name>a001_lesson_6_assessment_assessment_question_8.html</name>
<question>
<id>19280</id>
<type>2</type>
<weight>10</weight>
<name>AssessmentQuestion_8</name>
<var>VarQuestion_0012</var>
<text>When you rate an applicant, you should do which of the following? \r\rSelect the correct options and then, click Submit.</text>
<correctans>Make your ratings right after the interview,Rate one competency at a time,Use your notes,Use the standards/benchmarks provided,Use the full scale</correctans>
<choices>Make your ratings right after the interview|Rate one competency at a time|Discuss rating with your peers as you make them|Use your notes|Use the standards/benchmarks provided|Use the full scale</choices>
<allowmult>1</allowmult>
<persist>0</persist>
<gradeindividual>0</gradeindividual>
<surveyquestion>0</surveyquestion>
</question>
</page>
<page>
<index>9</index>
<name>a001_lesson_6_assessment_assessment_question_9.html</name>
<question>
<id>19264</id>
<type>2</type>
<weight>10</weight>
<name>AssessmentQuestion_9</name>
<var>VarQuestion_0011</var>
<text>A coworker tells you that you can introduce bias and error into an interview by the questions you ask during the interview. Is that true?</text>
<correctans>Yes, asking questions about things like religion and age can introduce bias into an interview.</correctans>
<choices>Yes, asking questions about things like religion and age can introduce bias into an interview.|Yes, asking certain performance related questions might cause you to rate certain applicants more favorably.|No, bias and error can only be introduced into an interview from your actions during the interview. |No, bias and error can only be introduced into an interview when you rate the candidate. </choices>
<allowmult>0</allowmult>
<persist>0</persist>
<gradeindividual>0</gradeindividual>
<surveyquestion>0</surveyquestion>
</question>
</page>
<page>
<index>10</index>
<name>a001_lesson_6_assessment_assessment_question_10.html</name>
<question>
<id>19248</id>
<type>2</type>
<weight>10</weight>
<name>AssessmentQuestion_10</name>
<var>VarQuestion_0010</var>
<text>All of the following are also common interviewing mistakes except for:</text>
<correctans>Ignoring an applicants non-verbal behavior during the interview</correctans>
<choices>Not knowing the job well enough |Hiring solely based on the need to make a decision quickly |Ignoring an applicants non-verbal behavior during the interview|Hiring someone because they were the first or last interviewee</choices>
<allowmult>0</allowmult>
<persist>0</persist>
<gradeindividual>0</gradeindividual>
<surveyquestion>0</surveyquestion>
</question>
</page>
</lectoratest>
