<?xml version="1.0" encoding="UTF-8"?>        
<!--GENERATED BY:  Lectora Inspire v.X.6(8460D) (http://www.trivantis.com) -->

<manifest identifier="CourseID" version="1.2"
          xmlns="http://www.imsproject.org/xsd/imscp_rootv1p1p2"
          xmlns:adlcp="http://www.adlnet.org/xsd/adlcp_rootv1p2"
          xmlns:xsi="http://www.w3.org/2001/XMLSchema-instance"
          xsi:schemaLocation="http://www.imsproject.org/xsd/imscp_rootv1p1p2 imscp_rootv1p1p2.xsd
                              http://www.imsglobal.org/xsd/imsmd_rootv1p2p1 imsmd_rootv1p2p1.xsd
                              http://www.adlnet.org/xsd/adlcp_rootv1p2 adlcp_rootv1p2.xsd" >

  <organizations default="CourseID-org">
    <organization identifier="CourseID-org">
      <title>Structured Behavioral Interviewing</title>
      <item identifier="I_A001" identifierref="A001">
        <title>Structured Behavioral Interviewing</title>
        <adlcp:masteryscore>75</adlcp:masteryscore>
        <adlcp:timelimitaction>continue,no message</adlcp:timelimitaction>
      </item>
      <metadata>
        <schema>ADL SCORM</schema>
        <schemaversion>1.2</schemaversion>
        <adlcp:location>Structured Behavioral Interviewing .xml</adlcp:location>
      </metadata>
    </organization>
  </organizations>

  <resources>
    <resource identifier="A001" type="webcontent" adlcp:scormtype="sco" href="a001index.html">
      <file href="a001index.html"/>
      <file href="a001content.html"/>
      <file href="a001titlemgr.html"/>
      <dependency identifierref="P_24214"/>
      <dependency identifierref="P_24344"/>
      <dependency identifierref="P_4667"/>
      <dependency identifierref="P_21730"/>
      <dependency identifierref="P_21739"/>
      <dependency identifierref="P_23650"/>
      <dependency identifierref="P_23672"/>
      <dependency identifierref="P_23990"/>
      <dependency identifierref="P_24009"/>
      <dependency identifierref="P_24016"/>
      <dependency identifierref="P_24021"/>
      <dependency identifierref="P_24025"/>
      <dependency identifierref="P_24029"/>
      <dependency identifierref="P_23687"/>
      <dependency identifierref="P_23695"/>
      <dependency identifierref="P_23701"/>
      <dependency identifierref="P_23708"/>
      <dependency identifierref="P_23714"/>
      <dependency identifierref="P_23717"/>
      <dependency identifierref="P_23720"/>
      <dependency identifierref="P_23723"/>
      <dependency identifierref="P_23726"/>
      <dependency identifierref="P_23729"/>
      <dependency identifierref="P_23732"/>
      <dependency identifierref="P_24081"/>
      <dependency identifierref="P_23738"/>
      <dependency identifierref="P_23799"/>
      <dependency identifierref="P_23850"/>
      <dependency identifierref="P_23854"/>
      <dependency identifierref="P_23857"/>
      <dependency identifierref="P_23860"/>
      <dependency identifierref="P_23866"/>
      <dependency identifierref="P_23871"/>
      <dependency identifierref="P_23874"/>
      <dependency identifierref="P_23901"/>
      <dependency identifierref="P_23953"/>
      <dependency identifierref="P_23965"/>
      <dependency identifierref="P_23973"/>
      <dependency identifierref="P_24524"/>
      <dependency identifierref="P_19404"/>
      <dependency identifierref="P_19388"/>
      <dependency identifierref="P_19372"/>
      <dependency identifierref="P_19356"/>
      <dependency identifierref="P_19340"/>
      <dependency identifierref="P_19324"/>
      <dependency identifierref="P_19302"/>
      <dependency identifierref="P_19286"/>
      <dependency identifierref="P_19274"/>
      <dependency identifierref="P_19258"/>
      <dependency identifierref="P_19242"/>
      <dependency identifierref="P_17443"/>
      <dependency identifierref="P_17446"/>
      <dependency identifierref="P_124"/>
      <dependency identifierref="R_24215"/>
      <dependency identifierref="S_DLGFiles"/>
      <dependency identifierref="S_SCORMFiles"/>
      <dependency identifierref="S_BaseFiles"/>
      <dependency identifierref="S_AdditionalFiles"/>
    </resource>
    <resource identifier="P_24214" type="webcontent" adlcp:scormtype="asset">
      <file href="a001_splash.html"/>
      <dependency identifierref="P_24344"/>
      <dependency identifierref="P_4667"/>
      <dependency identifierref="P_21730"/>
      <dependency identifierref="P_21739"/>
      <dependency identifierref="P_23650"/>
      <dependency identifierref="P_23672"/>
      <dependency identifierref="P_23990"/>
      <dependency identifierref="P_24009"/>
      <dependency identifierref="P_24016"/>
      <dependency identifierref="P_24021"/>
      <dependency identifierref="P_24025"/>
      <dependency identifierref="P_24029"/>
      <dependency identifierref="P_23687"/>
      <dependency identifierref="P_23695"/>
      <dependency identifierref="P_23701"/>
      <dependency identifierref="P_23708"/>
      <dependency identifierref="P_23714"/>
      <dependency identifierref="P_23717"/>
      <dependency identifierref="P_23720"/>
      <dependency identifierref="P_23723"/>
      <dependency identifierref="P_23726"/>
      <dependency identifierref="P_23729"/>
      <dependency identifierref="P_23732"/>
      <dependency identifierref="P_24081"/>
      <dependency identifierref="P_23738"/>
      <dependency identifierref="P_23799"/>
      <dependency identifierref="P_23850"/>
      <dependency identifierref="P_23854"/>
      <dependency identifierref="P_23857"/>
      <dependency identifierref="P_23860"/>
      <dependency identifierref="P_23866"/>
      <dependency identifierref="P_23871"/>
      <dependency identifierref="P_23874"/>
      <dependency identifierref="P_23901"/>
      <dependency identifierref="P_23953"/>
      <dependency identifierref="P_23965"/>
      <dependency identifierref="P_23973"/>
      <dependency identifierref="P_24524"/>
      <dependency identifierref="P_19404"/>
      <dependency identifierref="P_19388"/>
      <dependency identifierref="P_19372"/>
      <dependency identifierref="P_19356"/>
      <dependency identifierref="P_19340"/>
      <dependency identifierref="P_19324"/>
      <dependency identifierref="P_19302"/>
      <dependency identifierref="P_19286"/>
      <dependency identifierref="P_19274"/>
      <dependency identifierref="P_19258"/>
      <dependency identifierref="P_19242"/>
      <dependency identifierref="P_17443"/>
      <dependency identifierref="P_17446"/>
      <dependency identifierref="P_124"/>
      <dependency identifierref="R_24215"/>
      <dependency identifierref="S_DLGFiles"/>
      <dependency identifierref="S_SCORMFiles"/>
      <dependency identifierref="S_BaseFiles"/>
    </resource>
    <resource identifier="P_24344" type="webcontent" adlcp:scormtype="asset">
      <file href="a001_help.html"/>
      <dependency identifierref="R_41"/>
      <dependency identifierref="R_42"/>
      <dependency identifierref="R_43"/>
      <dependency identifierref="R_45"/>
      <dependency identifierref="R_46"/>
      <dependency identifierref="R_51"/>
      <dependency identifierref="R_52"/>
      <dependency identifierref="R_54"/>
      <dependency identifierref="R_55"/>
      <dependency identifierref="R_56"/>
      <dependency identifierref="R_58"/>
      <dependency identifierref="R_59"/>
      <dependency identifierref="R_60"/>
      <dependency identifierref="R_24893"/>
      <dependency identifierref="R_24920"/>
      <dependency identifierref="R_24921"/>
      <dependency identifierref="R_24922"/>
      <dependency identifierref="R_24993"/>
      <dependency identifierref="R_24994"/>
      <dependency identifierref="S_TransButton"/>
      <dependency identifierref="S_DLGFiles"/>
      <dependency identifierref="S_SCORMFiles"/>
      <dependency identifierref="S_BaseFiles"/>
    </resource>
    <resource identifier="P_4667" type="webcontent" adlcp:scormtype="asset">
      <file href="a001_toc.html"/>
      <dependency identifierref="R_41"/>
      <dependency identifierref="R_42"/>
      <dependency identifierref="R_43"/>
      <dependency identifierref="R_22381"/>
      <dependency identifierref="R_22382"/>
      <dependency identifierref="R_22383"/>
      <dependency identifierref="R_22384"/>
      <dependency identifierref="R_22385"/>
      <dependency identifierref="R_22386"/>
      <dependency identifierref="R_22387"/>
      <dependency identifierref="R_22388"/>
      <dependency identifierref="R_22389"/>
      <dependency identifierref="R_22390"/>
      <dependency identifierref="R_22391"/>
      <dependency identifierref="R_22392"/>
      <dependency identifierref="R_24893"/>
      <dependency identifierref="S_TransButton"/>
      <dependency identifierref="S_DLGFiles"/>
      <dependency identifierref="S_SCORMFiles"/>
      <dependency identifierref="S_BaseFiles"/>
    </resource>
    <resource identifier="P_21730" type="webcontent" adlcp:scormtype="asset">
      <file href="a001_lesson_1_introduction_introduction.html"/>
      <dependency identifierref="R_41"/>
      <dependency identifierref="R_42"/>
      <dependency identifierref="R_43"/>
      <dependency identifierref="R_45"/>
      <dependency identifierref="R_46"/>
      <dependency identifierref="R_51"/>
      <dependency identifierref="R_52"/>
      <dependency identifierref="R_58"/>
      <dependency identifierref="R_59"/>
      <dependency identifierref="R_60"/>
      <dependency identifierref="R_24600"/>
      <dependency identifierref="R_24893"/>
      <dependency identifierref="S_TransButton"/>
      <dependency identifierref="S_DLGFiles"/>
      <dependency identifierref="S_SCORMFiles"/>
      <dependency identifierref="S_BaseFiles"/>
    </resource>
    <resource identifier="P_21739" type="webcontent" adlcp:scormtype="asset">
      <file href="a001_lesson_1_introduction_course_introduction.html"/>
      <dependency identifierref="R_41"/>
      <dependency identifierref="R_42"/>
      <dependency identifierref="R_43"/>
      <dependency identifierref="R_45"/>
      <dependency identifierref="R_46"/>
      <dependency identifierref="R_51"/>
      <dependency identifierref="R_52"/>
      <dependency identifierref="R_54"/>
      <dependency identifierref="R_55"/>
      <dependency identifierref="R_56"/>
      <dependency identifierref="R_58"/>
      <dependency identifierref="R_59"/>
      <dependency identifierref="R_60"/>
      <dependency identifierref="R_23981"/>
      <dependency identifierref="R_24893"/>
      <dependency identifierref="S_TransButton"/>
      <dependency identifierref="S_DLGFiles"/>
      <dependency identifierref="S_SCORMFiles"/>
      <dependency identifierref="S_BaseFiles"/>
    </resource>
    <resource identifier="P_23650" type="webcontent" adlcp:scormtype="asset">
      <file href="a001_lesson_2_what_is_a_structured_behavioral_interview_module_introduction.html"/>
      <dependency identifierref="R_41"/>
      <dependency identifierref="R_42"/>
      <dependency identifierref="R_43"/>
      <dependency identifierref="R_45"/>
      <dependency identifierref="R_46"/>
      <dependency identifierref="R_51"/>
      <dependency identifierref="R_52"/>
      <dependency identifierref="R_54"/>
      <dependency identifierref="R_55"/>
      <dependency identifierref="R_56"/>
      <dependency identifierref="R_58"/>
      <dependency identifierref="R_59"/>
      <dependency identifierref="R_60"/>
      <dependency identifierref="R_23987"/>
      <dependency identifierref="R_24893"/>
      <dependency identifierref="S_TransButton"/>
      <dependency identifierref="S_DLGFiles"/>
      <dependency identifierref="S_SCORMFiles"/>
      <dependency identifierref="S_BaseFiles"/>
    </resource>
    <resource identifier="P_23672" type="webcontent" adlcp:scormtype="asset">
      <file href="a001_lesson_2_what_is_a_structured_behavioral_interview_introduction.html"/>
      <dependency identifierref="R_41"/>
      <dependency identifierref="R_42"/>
      <dependency identifierref="R_43"/>
      <dependency identifierref="R_45"/>
      <dependency identifierref="R_46"/>
      <dependency identifierref="R_51"/>
      <dependency identifierref="R_52"/>
      <dependency identifierref="R_54"/>
      <dependency identifierref="R_55"/>
      <dependency identifierref="R_56"/>
      <dependency identifierref="R_58"/>
      <dependency identifierref="R_59"/>
      <dependency identifierref="R_60"/>
      <dependency identifierref="R_24152"/>
      <dependency identifierref="R_24893"/>
      <dependency identifierref="S_TransButton"/>
      <dependency identifierref="S_DLGFiles"/>
      <dependency identifierref="S_SCORMFiles"/>
      <dependency identifierref="S_BaseFiles"/>
    </resource>
    <resource identifier="P_23990" type="webcontent" adlcp:scormtype="asset">
      <file href="a001_lesson_2_what_is_a_structured_behavioral_interview_think_about_it_.html"/>
      <dependency identifierref="R_41"/>
      <dependency identifierref="R_42"/>
      <dependency identifierref="R_43"/>
      <dependency identifierref="R_45"/>
      <dependency identifierref="R_46"/>
      <dependency identifierref="R_51"/>
      <dependency identifierref="R_52"/>
      <dependency identifierref="R_54"/>
      <dependency identifierref="R_55"/>
      <dependency identifierref="R_56"/>
      <dependency identifierref="R_58"/>
      <dependency identifierref="R_59"/>
      <dependency identifierref="R_60"/>
      <dependency identifierref="R_24006"/>
      <dependency identifierref="R_24893"/>
      <dependency identifierref="S_TransButton"/>
      <dependency identifierref="S_DLGFiles"/>
      <dependency identifierref="S_SCORMFiles"/>
      <dependency identifierref="S_BaseFiles"/>
    </resource>
    <resource identifier="P_24009" type="webcontent" adlcp:scormtype="asset">
      <file href="a001_lesson_2_what_is_a_structured_behavioral_interview_structured_behavioral_interviews.html"/>
      <dependency identifierref="R_41"/>
      <dependency identifierref="R_42"/>
      <dependency identifierref="R_43"/>
      <dependency identifierref="R_45"/>
      <dependency identifierref="R_46"/>
      <dependency identifierref="R_51"/>
      <dependency identifierref="R_52"/>
      <dependency identifierref="R_54"/>
      <dependency identifierref="R_55"/>
      <dependency identifierref="R_56"/>
      <dependency identifierref="R_58"/>
      <dependency identifierref="R_59"/>
      <dependency identifierref="R_60"/>
      <dependency identifierref="R_24218"/>
      <dependency identifierref="R_24221"/>
      <dependency identifierref="R_24893"/>
      <dependency identifierref="S_TransButton"/>
      <dependency identifierref="S_DLGFiles"/>
      <dependency identifierref="S_SCORMFiles"/>
      <dependency identifierref="S_BaseFiles"/>
    </resource>
    <resource identifier="P_24016" type="webcontent" adlcp:scormtype="asset">
      <file href="a001_lesson_2_what_is_a_structured_behavioral_interview_structured_behavioral_interviews_continued_.html"/>
      <dependency identifierref="R_41"/>
      <dependency identifierref="R_42"/>
      <dependency identifierref="R_43"/>
      <dependency identifierref="R_45"/>
      <dependency identifierref="R_46"/>
      <dependency identifierref="R_51"/>
      <dependency identifierref="R_52"/>
      <dependency identifierref="R_54"/>
      <dependency identifierref="R_55"/>
      <dependency identifierref="R_56"/>
      <dependency identifierref="R_58"/>
      <dependency identifierref="R_59"/>
      <dependency identifierref="R_60"/>
      <dependency identifierref="R_24893"/>
      <dependency identifierref="S_TransButton"/>
      <dependency identifierref="S_DLGFiles"/>
      <dependency identifierref="S_SCORMFiles"/>
      <dependency identifierref="S_BaseFiles"/>
    </resource>
    <resource identifier="P_24021" type="webcontent" adlcp:scormtype="asset">
      <file href="a001_lesson_2_what_is_a_structured_behavioral_interview_why_use_sbis_.html"/>
      <dependency identifierref="R_41"/>
      <dependency identifierref="R_42"/>
      <dependency identifierref="R_43"/>
      <dependency identifierref="R_45"/>
      <dependency identifierref="R_46"/>
      <dependency identifierref="R_51"/>
      <dependency identifierref="R_52"/>
      <dependency identifierref="R_54"/>
      <dependency identifierref="R_55"/>
      <dependency identifierref="R_56"/>
      <dependency identifierref="R_58"/>
      <dependency identifierref="R_59"/>
      <dependency identifierref="R_60"/>
      <dependency identifierref="R_24477"/>
      <dependency identifierref="R_24893"/>
      <dependency identifierref="S_TransButton"/>
      <dependency identifierref="S_DLGFiles"/>
      <dependency identifierref="S_SCORMFiles"/>
      <dependency identifierref="S_BaseFiles"/>
    </resource>
    <resource identifier="P_24025" type="webcontent" adlcp:scormtype="asset">
      <file href="a001_lesson_2_what_is_a_structured_behavioral_interview_creating_and_using_sbis.html"/>
      <dependency identifierref="R_41"/>
      <dependency identifierref="R_42"/>
      <dependency identifierref="R_43"/>
      <dependency identifierref="R_45"/>
      <dependency identifierref="R_46"/>
      <dependency identifierref="R_51"/>
      <dependency identifierref="R_52"/>
      <dependency identifierref="R_54"/>
      <dependency identifierref="R_55"/>
      <dependency identifierref="R_56"/>
      <dependency identifierref="R_58"/>
      <dependency identifierref="R_59"/>
      <dependency identifierref="R_60"/>
      <dependency identifierref="R_24155"/>
      <dependency identifierref="R_24893"/>
      <dependency identifierref="S_TransButton"/>
      <dependency identifierref="S_DLGFiles"/>
      <dependency identifierref="S_SCORMFiles"/>
      <dependency identifierref="S_BaseFiles"/>
    </resource>
    <resource identifier="P_24029" type="webcontent" adlcp:scormtype="asset">
      <file href="a001_lesson_2_what_is_a_structured_behavioral_interview_module_summary.html"/>
      <dependency identifierref="R_41"/>
      <dependency identifierref="R_42"/>
      <dependency identifierref="R_43"/>
      <dependency identifierref="R_45"/>
      <dependency identifierref="R_46"/>
      <dependency identifierref="R_51"/>
      <dependency identifierref="R_52"/>
      <dependency identifierref="R_54"/>
      <dependency identifierref="R_55"/>
      <dependency identifierref="R_56"/>
      <dependency identifierref="R_58"/>
      <dependency identifierref="R_59"/>
      <dependency identifierref="R_60"/>
      <dependency identifierref="R_24033"/>
      <dependency identifierref="R_24893"/>
      <dependency identifierref="S_TransButton"/>
      <dependency identifierref="S_DLGFiles"/>
      <dependency identifierref="S_SCORMFiles"/>
      <dependency identifierref="S_BaseFiles"/>
    </resource>
    <resource identifier="P_23687" type="webcontent" adlcp:scormtype="asset">
      <file href="a001_lesson_3_prior_to_the_interview_module_introduction.html"/>
      <dependency identifierref="R_41"/>
      <dependency identifierref="R_42"/>
      <dependency identifierref="R_43"/>
      <dependency identifierref="R_45"/>
      <dependency identifierref="R_46"/>
      <dependency identifierref="R_51"/>
      <dependency identifierref="R_52"/>
      <dependency identifierref="R_54"/>
      <dependency identifierref="R_55"/>
      <dependency identifierref="R_56"/>
      <dependency identifierref="R_58"/>
      <dependency identifierref="R_59"/>
      <dependency identifierref="R_60"/>
      <dependency identifierref="R_24039"/>
      <dependency identifierref="R_24893"/>
      <dependency identifierref="S_TransButton"/>
      <dependency identifierref="S_DLGFiles"/>
      <dependency identifierref="S_SCORMFiles"/>
      <dependency identifierref="S_BaseFiles"/>
    </resource>
    <resource identifier="P_23695" type="webcontent" adlcp:scormtype="asset">
      <file href="a001_lesson_3_prior_to_the_interview_step_1_perform_job_analysis.html"/>
      <dependency identifierref="R_41"/>
      <dependency identifierref="R_42"/>
      <dependency identifierref="R_43"/>
      <dependency identifierref="R_45"/>
      <dependency identifierref="R_46"/>
      <dependency identifierref="R_51"/>
      <dependency identifierref="R_52"/>
      <dependency identifierref="R_54"/>
      <dependency identifierref="R_55"/>
      <dependency identifierref="R_56"/>
      <dependency identifierref="R_58"/>
      <dependency identifierref="R_59"/>
      <dependency identifierref="R_60"/>
      <dependency identifierref="R_24042"/>
      <dependency identifierref="R_24893"/>
      <dependency identifierref="S_TransButton"/>
      <dependency identifierref="S_DLGFiles"/>
      <dependency identifierref="S_SCORMFiles"/>
      <dependency identifierref="S_BaseFiles"/>
    </resource>
    <resource identifier="P_23701" type="webcontent" adlcp:scormtype="asset">
      <file href="a001_lesson_3_prior_to_the_interview_step_1_perform_job_analysis_continued_.html"/>
      <dependency identifierref="R_41"/>
      <dependency identifierref="R_42"/>
      <dependency identifierref="R_43"/>
      <dependency identifierref="R_45"/>
      <dependency identifierref="R_46"/>
      <dependency identifierref="R_51"/>
      <dependency identifierref="R_52"/>
      <dependency identifierref="R_54"/>
      <dependency identifierref="R_55"/>
      <dependency identifierref="R_56"/>
      <dependency identifierref="R_58"/>
      <dependency identifierref="R_59"/>
      <dependency identifierref="R_60"/>
      <dependency identifierref="R_24045"/>
      <dependency identifierref="R_24048"/>
      <dependency identifierref="R_24051"/>
      <dependency identifierref="R_24893"/>
      <dependency identifierref="S_TransButton"/>
      <dependency identifierref="S_DLGFiles"/>
      <dependency identifierref="S_SCORMFiles"/>
      <dependency identifierref="S_BaseFiles"/>
    </resource>
    <resource identifier="P_23708" type="webcontent" adlcp:scormtype="asset">
      <file href="a001_lesson_3_prior_to_the_interview_step_2_plan_the_interview.html"/>
      <dependency identifierref="R_41"/>
      <dependency identifierref="R_42"/>
      <dependency identifierref="R_43"/>
      <dependency identifierref="R_45"/>
      <dependency identifierref="R_46"/>
      <dependency identifierref="R_51"/>
      <dependency identifierref="R_52"/>
      <dependency identifierref="R_54"/>
      <dependency identifierref="R_55"/>
      <dependency identifierref="R_56"/>
      <dependency identifierref="R_58"/>
      <dependency identifierref="R_59"/>
      <dependency identifierref="R_60"/>
      <dependency identifierref="R_24066"/>
      <dependency identifierref="R_24893"/>
      <dependency identifierref="S_TransButton"/>
      <dependency identifierref="S_DLGFiles"/>
      <dependency identifierref="S_SCORMFiles"/>
      <dependency identifierref="S_BaseFiles"/>
    </resource>
    <resource identifier="P_23714" type="webcontent" adlcp:scormtype="asset">
      <file href="a001_lesson_3_prior_to_the_interview_step_2_plan_the_interview_behavioral_questions.html"/>
      <dependency identifierref="R_41"/>
      <dependency identifierref="R_42"/>
      <dependency identifierref="R_43"/>
      <dependency identifierref="R_45"/>
      <dependency identifierref="R_46"/>
      <dependency identifierref="R_51"/>
      <dependency identifierref="R_52"/>
      <dependency identifierref="R_54"/>
      <dependency identifierref="R_55"/>
      <dependency identifierref="R_56"/>
      <dependency identifierref="R_58"/>
      <dependency identifierref="R_59"/>
      <dependency identifierref="R_60"/>
      <dependency identifierref="R_24893"/>
      <dependency identifierref="S_TransButton"/>
      <dependency identifierref="S_DLGFiles"/>
      <dependency identifierref="S_SCORMFiles"/>
      <dependency identifierref="S_BaseFiles"/>
    </resource>
    <resource identifier="P_23717" type="webcontent" adlcp:scormtype="asset">
      <file href="a001_lesson_3_prior_to_the_interview_check_your_knowledge_.html"/>
      <dependency identifierref="R_41"/>
      <dependency identifierref="R_42"/>
      <dependency identifierref="R_43"/>
      <dependency identifierref="R_45"/>
      <dependency identifierref="R_46"/>
      <dependency identifierref="R_51"/>
      <dependency identifierref="R_52"/>
      <dependency identifierref="R_54"/>
      <dependency identifierref="R_55"/>
      <dependency identifierref="R_56"/>
      <dependency identifierref="R_58"/>
      <dependency identifierref="R_59"/>
      <dependency identifierref="R_60"/>
      <dependency identifierref="R_24261"/>
      <dependency identifierref="R_24893"/>
      <dependency identifierref="S_TransButton"/>
      <dependency identifierref="S_DLGFiles"/>
      <dependency identifierref="S_SCORMFiles"/>
      <dependency identifierref="S_BaseFiles"/>
    </resource>
    <resource identifier="P_23720" type="webcontent" adlcp:scormtype="asset">
      <file href="a001_lesson_3_prior_to_the_interview_step_2_plan_the_interview_behavioral_questions_continued.html"/>
      <dependency identifierref="R_41"/>
      <dependency identifierref="R_42"/>
      <dependency identifierref="R_43"/>
      <dependency identifierref="R_45"/>
      <dependency identifierref="R_46"/>
      <dependency identifierref="R_51"/>
      <dependency identifierref="R_52"/>
      <dependency identifierref="R_54"/>
      <dependency identifierref="R_55"/>
      <dependency identifierref="R_56"/>
      <dependency identifierref="R_58"/>
      <dependency identifierref="R_59"/>
      <dependency identifierref="R_60"/>
      <dependency identifierref="R_24274"/>
      <dependency identifierref="R_24285"/>
      <dependency identifierref="R_24893"/>
      <dependency identifierref="S_TransButton"/>
      <dependency identifierref="S_DLGFiles"/>
      <dependency identifierref="S_SCORMFiles"/>
      <dependency identifierref="S_BaseFiles"/>
    </resource>
    <resource identifier="P_23723" type="webcontent" adlcp:scormtype="asset">
      <file href="a001_lesson_3_prior_to_the_interview_step_2_plan_the_interview_probing_questions.html"/>
      <dependency identifierref="R_41"/>
      <dependency identifierref="R_42"/>
      <dependency identifierref="R_43"/>
      <dependency identifierref="R_45"/>
      <dependency identifierref="R_46"/>
      <dependency identifierref="R_51"/>
      <dependency identifierref="R_52"/>
      <dependency identifierref="R_54"/>
      <dependency identifierref="R_55"/>
      <dependency identifierref="R_56"/>
      <dependency identifierref="R_58"/>
      <dependency identifierref="R_59"/>
      <dependency identifierref="R_60"/>
      <dependency identifierref="R_24307"/>
      <dependency identifierref="R_24893"/>
      <dependency identifierref="S_TransButton"/>
      <dependency identifierref="S_DLGFiles"/>
      <dependency identifierref="S_SCORMFiles"/>
      <dependency identifierref="S_BaseFiles"/>
    </resource>
    <resource identifier="P_23726" type="webcontent" adlcp:scormtype="asset">
      <file href="a001_lesson_3_prior_to_the_interview_step_2_plan_the_interview_structure_the_interview.html"/>
      <dependency identifierref="R_41"/>
      <dependency identifierref="R_42"/>
      <dependency identifierref="R_43"/>
      <dependency identifierref="R_45"/>
      <dependency identifierref="R_46"/>
      <dependency identifierref="R_51"/>
      <dependency identifierref="R_52"/>
      <dependency identifierref="R_54"/>
      <dependency identifierref="R_55"/>
      <dependency identifierref="R_56"/>
      <dependency identifierref="R_58"/>
      <dependency identifierref="R_59"/>
      <dependency identifierref="R_60"/>
      <dependency identifierref="R_24246"/>
      <dependency identifierref="R_24250"/>
      <dependency identifierref="R_24893"/>
      <dependency identifierref="S_TransButton"/>
      <dependency identifierref="S_DLGFiles"/>
      <dependency identifierref="S_SCORMFiles"/>
      <dependency identifierref="S_BaseFiles"/>
    </resource>
    <resource identifier="P_23729" type="webcontent" adlcp:scormtype="asset">
      <file href="a001_lesson_3_prior_to_the_interview_module_summary.html"/>
      <dependency identifierref="R_41"/>
      <dependency identifierref="R_42"/>
      <dependency identifierref="R_43"/>
      <dependency identifierref="R_45"/>
      <dependency identifierref="R_46"/>
      <dependency identifierref="R_51"/>
      <dependency identifierref="R_52"/>
      <dependency identifierref="R_54"/>
      <dependency identifierref="R_55"/>
      <dependency identifierref="R_56"/>
      <dependency identifierref="R_58"/>
      <dependency identifierref="R_59"/>
      <dependency identifierref="R_60"/>
      <dependency identifierref="R_24072"/>
      <dependency identifierref="R_24893"/>
      <dependency identifierref="S_TransButton"/>
      <dependency identifierref="S_DLGFiles"/>
      <dependency identifierref="S_SCORMFiles"/>
      <dependency identifierref="S_BaseFiles"/>
    </resource>
    <resource identifier="P_23732" type="webcontent" adlcp:scormtype="asset">
      <file href="a001_lesson_4_during_and_after_the_interview_module_introduction.html"/>
      <dependency identifierref="R_41"/>
      <dependency identifierref="R_42"/>
      <dependency identifierref="R_43"/>
      <dependency identifierref="R_45"/>
      <dependency identifierref="R_46"/>
      <dependency identifierref="R_51"/>
      <dependency identifierref="R_52"/>
      <dependency identifierref="R_54"/>
      <dependency identifierref="R_55"/>
      <dependency identifierref="R_56"/>
      <dependency identifierref="R_58"/>
      <dependency identifierref="R_59"/>
      <dependency identifierref="R_60"/>
      <dependency identifierref="R_24075"/>
      <dependency identifierref="R_24893"/>
      <dependency identifierref="S_TransButton"/>
      <dependency identifierref="S_DLGFiles"/>
      <dependency identifierref="S_SCORMFiles"/>
      <dependency identifierref="S_BaseFiles"/>
    </resource>
    <resource identifier="P_24081" type="webcontent" adlcp:scormtype="asset">
      <file href="a001_lesson_4_during_and_after_the_interview_step_3_conduct_the_interview.html"/>
      <dependency identifierref="R_41"/>
      <dependency identifierref="R_42"/>
      <dependency identifierref="R_43"/>
      <dependency identifierref="R_45"/>
      <dependency identifierref="R_46"/>
      <dependency identifierref="R_51"/>
      <dependency identifierref="R_52"/>
      <dependency identifierref="R_54"/>
      <dependency identifierref="R_55"/>
      <dependency identifierref="R_56"/>
      <dependency identifierref="R_58"/>
      <dependency identifierref="R_59"/>
      <dependency identifierref="R_60"/>
      <dependency identifierref="R_24078"/>
      <dependency identifierref="R_24893"/>
      <dependency identifierref="S_TransButton"/>
      <dependency identifierref="S_DLGFiles"/>
      <dependency identifierref="S_SCORMFiles"/>
      <dependency identifierref="S_BaseFiles"/>
    </resource>
    <resource identifier="P_23738" type="webcontent" adlcp:scormtype="asset">
      <file href="a001_lesson_4_during_and_after_the_interview_step_3_conduct_the_interview_ensure_structure.html"/>
      <dependency identifierref="R_41"/>
      <dependency identifierref="R_42"/>
      <dependency identifierref="R_43"/>
      <dependency identifierref="R_45"/>
      <dependency identifierref="R_46"/>
      <dependency identifierref="R_51"/>
      <dependency identifierref="R_52"/>
      <dependency identifierref="R_54"/>
      <dependency identifierref="R_55"/>
      <dependency identifierref="R_56"/>
      <dependency identifierref="R_58"/>
      <dependency identifierref="R_59"/>
      <dependency identifierref="R_60"/>
      <dependency identifierref="R_24893"/>
      <dependency identifierref="S_TransButton"/>
      <dependency identifierref="S_DLGFiles"/>
      <dependency identifierref="S_SCORMFiles"/>
      <dependency identifierref="S_BaseFiles"/>
    </resource>
    <resource identifier="P_23799" type="webcontent" adlcp:scormtype="asset">
      <file href="a001_lesson_4_during_and_after_the_interview_step_3_conduct_the_interview_probe.html"/>
      <dependency identifierref="R_41"/>
      <dependency identifierref="R_42"/>
      <dependency identifierref="R_43"/>
      <dependency identifierref="R_45"/>
      <dependency identifierref="R_46"/>
      <dependency identifierref="R_51"/>
      <dependency identifierref="R_52"/>
      <dependency identifierref="R_54"/>
      <dependency identifierref="R_55"/>
      <dependency identifierref="R_56"/>
      <dependency identifierref="R_58"/>
      <dependency identifierref="R_59"/>
      <dependency identifierref="R_60"/>
      <dependency identifierref="R_24274"/>
      <dependency identifierref="R_24285"/>
      <dependency identifierref="R_24307"/>
      <dependency identifierref="R_24893"/>
      <dependency identifierref="S_TransButton"/>
      <dependency identifierref="S_DLGFiles"/>
      <dependency identifierref="S_SCORMFiles"/>
      <dependency identifierref="S_BaseFiles"/>
    </resource>
    <resource identifier="P_23850" type="webcontent" adlcp:scormtype="asset">
      <file href="a001_lesson_4_during_and_after_the_interview_steps_4_and_5_wrap_up_the_interview_and_evaluate_the_candidates.html"/>
      <dependency identifierref="R_41"/>
      <dependency identifierref="R_42"/>
      <dependency identifierref="R_43"/>
      <dependency identifierref="R_45"/>
      <dependency identifierref="R_46"/>
      <dependency identifierref="R_51"/>
      <dependency identifierref="R_52"/>
      <dependency identifierref="R_54"/>
      <dependency identifierref="R_55"/>
      <dependency identifierref="R_56"/>
      <dependency identifierref="R_58"/>
      <dependency identifierref="R_59"/>
      <dependency identifierref="R_60"/>
      <dependency identifierref="R_24092"/>
      <dependency identifierref="R_24893"/>
      <dependency identifierref="S_TransButton"/>
      <dependency identifierref="S_DLGFiles"/>
      <dependency identifierref="S_SCORMFiles"/>
      <dependency identifierref="S_BaseFiles"/>
    </resource>
    <resource identifier="P_23854" type="webcontent" adlcp:scormtype="asset">
      <file href="a001_lesson_4_during_and_after_the_interview_step_5_evaluate_the_candidates_follow_a_consistent_process.html"/>
      <dependency identifierref="R_41"/>
      <dependency identifierref="R_42"/>
      <dependency identifierref="R_43"/>
      <dependency identifierref="R_45"/>
      <dependency identifierref="R_46"/>
      <dependency identifierref="R_51"/>
      <dependency identifierref="R_52"/>
      <dependency identifierref="R_54"/>
      <dependency identifierref="R_55"/>
      <dependency identifierref="R_56"/>
      <dependency identifierref="R_58"/>
      <dependency identifierref="R_59"/>
      <dependency identifierref="R_60"/>
      <dependency identifierref="R_24158"/>
      <dependency identifierref="R_24161"/>
      <dependency identifierref="R_24893"/>
      <dependency identifierref="S_TransButton"/>
      <dependency identifierref="S_DLGFiles"/>
      <dependency identifierref="S_SCORMFiles"/>
      <dependency identifierref="S_BaseFiles"/>
    </resource>
    <resource identifier="P_23857" type="webcontent" adlcp:scormtype="asset">
      <file href="a001_lesson_4_during_and_after_the_interview_module_summary.html"/>
      <dependency identifierref="R_41"/>
      <dependency identifierref="R_42"/>
      <dependency identifierref="R_43"/>
      <dependency identifierref="R_45"/>
      <dependency identifierref="R_46"/>
      <dependency identifierref="R_51"/>
      <dependency identifierref="R_52"/>
      <dependency identifierref="R_54"/>
      <dependency identifierref="R_55"/>
      <dependency identifierref="R_56"/>
      <dependency identifierref="R_58"/>
      <dependency identifierref="R_59"/>
      <dependency identifierref="R_60"/>
      <dependency identifierref="R_24095"/>
      <dependency identifierref="R_24893"/>
      <dependency identifierref="S_TransButton"/>
      <dependency identifierref="S_DLGFiles"/>
      <dependency identifierref="S_SCORMFiles"/>
      <dependency identifierref="S_BaseFiles"/>
    </resource>
    <resource identifier="P_23860" type="webcontent" adlcp:scormtype="asset">
      <file href="a001_lesson_5_avoiding_common_pitfalls_module_introduction.html"/>
      <dependency identifierref="R_41"/>
      <dependency identifierref="R_42"/>
      <dependency identifierref="R_43"/>
      <dependency identifierref="R_45"/>
      <dependency identifierref="R_46"/>
      <dependency identifierref="R_51"/>
      <dependency identifierref="R_52"/>
      <dependency identifierref="R_54"/>
      <dependency identifierref="R_55"/>
      <dependency identifierref="R_56"/>
      <dependency identifierref="R_58"/>
      <dependency identifierref="R_59"/>
      <dependency identifierref="R_60"/>
      <dependency identifierref="R_24098"/>
      <dependency identifierref="R_24893"/>
      <dependency identifierref="S_TransButton"/>
      <dependency identifierref="S_DLGFiles"/>
      <dependency identifierref="S_SCORMFiles"/>
      <dependency identifierref="S_BaseFiles"/>
    </resource>
    <resource identifier="P_23866" type="webcontent" adlcp:scormtype="asset">
      <file href="a001_lesson_5_avoiding_common_pitfalls_common_pitfalls.html"/>
      <dependency identifierref="R_41"/>
      <dependency identifierref="R_42"/>
      <dependency identifierref="R_43"/>
      <dependency identifierref="R_45"/>
      <dependency identifierref="R_46"/>
      <dependency identifierref="R_51"/>
      <dependency identifierref="R_52"/>
      <dependency identifierref="R_54"/>
      <dependency identifierref="R_55"/>
      <dependency identifierref="R_56"/>
      <dependency identifierref="R_58"/>
      <dependency identifierref="R_59"/>
      <dependency identifierref="R_60"/>
      <dependency identifierref="R_24227"/>
      <dependency identifierref="R_24893"/>
      <dependency identifierref="S_TransButton"/>
      <dependency identifierref="S_DLGFiles"/>
      <dependency identifierref="S_SCORMFiles"/>
      <dependency identifierref="S_BaseFiles"/>
    </resource>
    <resource identifier="P_23871" type="webcontent" adlcp:scormtype="asset">
      <file href="a001_lesson_5_avoiding_common_pitfalls_test_your_knowledge.html"/>
      <dependency identifierref="R_41"/>
      <dependency identifierref="R_42"/>
      <dependency identifierref="R_43"/>
      <dependency identifierref="R_45"/>
      <dependency identifierref="R_46"/>
      <dependency identifierref="R_51"/>
      <dependency identifierref="R_52"/>
      <dependency identifierref="R_54"/>
      <dependency identifierref="R_55"/>
      <dependency identifierref="R_56"/>
      <dependency identifierref="R_58"/>
      <dependency identifierref="R_59"/>
      <dependency identifierref="R_60"/>
      <dependency identifierref="R_24224"/>
      <dependency identifierref="R_24893"/>
      <dependency identifierref="S_TransButton"/>
      <dependency identifierref="S_DLGFiles"/>
      <dependency identifierref="S_SCORMFiles"/>
      <dependency identifierref="S_BaseFiles"/>
    </resource>
    <resource identifier="P_23874" type="webcontent" adlcp:scormtype="asset">
      <file href="a001_lesson_5_avoiding_common_pitfalls_common_interviewing_mistakes.html"/>
      <dependency identifierref="R_41"/>
      <dependency identifierref="R_42"/>
      <dependency identifierref="R_43"/>
      <dependency identifierref="R_45"/>
      <dependency identifierref="R_46"/>
      <dependency identifierref="R_51"/>
      <dependency identifierref="R_52"/>
      <dependency identifierref="R_54"/>
      <dependency identifierref="R_55"/>
      <dependency identifierref="R_56"/>
      <dependency identifierref="R_58"/>
      <dependency identifierref="R_59"/>
      <dependency identifierref="R_60"/>
      <dependency identifierref="R_24893"/>
      <dependency identifierref="S_TransButton"/>
      <dependency identifierref="S_DLGFiles"/>
      <dependency identifierref="S_SCORMFiles"/>
      <dependency identifierref="S_BaseFiles"/>
    </resource>
    <resource identifier="P_23901" type="webcontent" adlcp:scormtype="asset">
      <file href="a001_lesson_5_avoiding_common_pitfalls_common_rating_mistakes.html"/>
      <dependency identifierref="R_41"/>
      <dependency identifierref="R_42"/>
      <dependency identifierref="R_43"/>
      <dependency identifierref="R_45"/>
      <dependency identifierref="R_46"/>
      <dependency identifierref="R_51"/>
      <dependency identifierref="R_52"/>
      <dependency identifierref="R_54"/>
      <dependency identifierref="R_55"/>
      <dependency identifierref="R_56"/>
      <dependency identifierref="R_58"/>
      <dependency identifierref="R_59"/>
      <dependency identifierref="R_60"/>
      <dependency identifierref="R_24166"/>
      <dependency identifierref="R_24893"/>
      <dependency identifierref="S_TransButton"/>
      <dependency identifierref="S_DLGFiles"/>
      <dependency identifierref="S_SCORMFiles"/>
      <dependency identifierref="S_BaseFiles"/>
    </resource>
    <resource identifier="P_23953" type="webcontent" adlcp:scormtype="asset">
      <file href="a001_lesson_5_avoiding_common_pitfalls_common_rating_errors_continued.html"/>
      <dependency identifierref="R_41"/>
      <dependency identifierref="R_42"/>
      <dependency identifierref="R_43"/>
      <dependency identifierref="R_45"/>
      <dependency identifierref="R_46"/>
      <dependency identifierref="R_51"/>
      <dependency identifierref="R_52"/>
      <dependency identifierref="R_54"/>
      <dependency identifierref="R_55"/>
      <dependency identifierref="R_56"/>
      <dependency identifierref="R_58"/>
      <dependency identifierref="R_59"/>
      <dependency identifierref="R_60"/>
      <dependency identifierref="R_24181"/>
      <dependency identifierref="R_24184"/>
      <dependency identifierref="R_24187"/>
      <dependency identifierref="R_24893"/>
      <dependency identifierref="S_TransButton"/>
      <dependency identifierref="S_DLGFiles"/>
      <dependency identifierref="S_SCORMFiles"/>
      <dependency identifierref="S_BaseFiles"/>
    </resource>
    <resource identifier="P_23965" type="webcontent" adlcp:scormtype="asset">
      <file href="a001_lesson_5_avoiding_common_pitfalls_avoiding_common_rating_errors.html"/>
      <dependency identifierref="R_41"/>
      <dependency identifierref="R_42"/>
      <dependency identifierref="R_43"/>
      <dependency identifierref="R_45"/>
      <dependency identifierref="R_46"/>
      <dependency identifierref="R_51"/>
      <dependency identifierref="R_52"/>
      <dependency identifierref="R_54"/>
      <dependency identifierref="R_55"/>
      <dependency identifierref="R_56"/>
      <dependency identifierref="R_58"/>
      <dependency identifierref="R_59"/>
      <dependency identifierref="R_60"/>
      <dependency identifierref="R_24036"/>
      <dependency identifierref="R_24893"/>
      <dependency identifierref="S_TransButton"/>
      <dependency identifierref="S_DLGFiles"/>
      <dependency identifierref="S_SCORMFiles"/>
      <dependency identifierref="S_BaseFiles"/>
    </resource>
    <resource identifier="P_23973" type="webcontent" adlcp:scormtype="asset">
      <file href="a001_lesson_5_avoiding_common_pitfalls_module_summary.html"/>
      <dependency identifierref="R_41"/>
      <dependency identifierref="R_42"/>
      <dependency identifierref="R_43"/>
      <dependency identifierref="R_45"/>
      <dependency identifierref="R_46"/>
      <dependency identifierref="R_51"/>
      <dependency identifierref="R_52"/>
      <dependency identifierref="R_54"/>
      <dependency identifierref="R_55"/>
      <dependency identifierref="R_56"/>
      <dependency identifierref="R_58"/>
      <dependency identifierref="R_59"/>
      <dependency identifierref="R_60"/>
      <dependency identifierref="R_24101"/>
      <dependency identifierref="R_24893"/>
      <dependency identifierref="S_TransButton"/>
      <dependency identifierref="S_DLGFiles"/>
      <dependency identifierref="S_SCORMFiles"/>
      <dependency identifierref="S_BaseFiles"/>
    </resource>
    <resource identifier="P_24524" type="webcontent" adlcp:scormtype="asset">
      <file href="a001_lesson_6_assessment_test_results.html"/>
      <dependency identifierref="R_24546"/>
      <dependency identifierref="R_24548"/>
      <dependency identifierref="S_DLGFiles"/>
      <dependency identifierref="S_SCORMFiles"/>
      <dependency identifierref="S_BaseFiles"/>
    </resource>
    <resource identifier="P_19404" type="webcontent" adlcp:scormtype="asset">
      <file href="a001_lesson_6_assessment_assessment.html"/>
      <dependency identifierref="R_41"/>
      <dependency identifierref="R_42"/>
      <dependency identifierref="R_43"/>
      <dependency identifierref="R_45"/>
      <dependency identifierref="R_46"/>
      <dependency identifierref="R_54"/>
      <dependency identifierref="R_55"/>
      <dependency identifierref="R_56"/>
      <dependency identifierref="R_58"/>
      <dependency identifierref="R_59"/>
      <dependency identifierref="R_60"/>
      <dependency identifierref="R_18282"/>
      <dependency identifierref="R_24893"/>
      <dependency identifierref="S_TransButton"/>
      <dependency identifierref="S_DLGFiles"/>
      <dependency identifierref="S_SCORMFiles"/>
      <dependency identifierref="S_BaseFiles"/>
      <dependency identifierref="T_18929"/>
    </resource>
    <resource identifier="P_19388" type="webcontent" adlcp:scormtype="asset">
      <file href="a001_lesson_6_assessment_assessment_question_1.html"/>
      <dependency identifierref="R_41"/>
      <dependency identifierref="R_42"/>
      <dependency identifierref="R_43"/>
      <dependency identifierref="R_45"/>
      <dependency identifierref="R_46"/>
      <dependency identifierref="R_16991"/>
      <dependency identifierref="R_24893"/>
      <dependency identifierref="S_TransButton"/>
      <dependency identifierref="S_DLGFiles"/>
      <dependency identifierref="S_SCORMFiles"/>
      <dependency identifierref="S_BaseFiles"/>
    </resource>
    <resource identifier="P_19372" type="webcontent" adlcp:scormtype="asset">
      <file href="a001_lesson_6_assessment_assessment_question_2.html"/>
      <dependency identifierref="R_41"/>
      <dependency identifierref="R_42"/>
      <dependency identifierref="R_43"/>
      <dependency identifierref="R_45"/>
      <dependency identifierref="R_46"/>
      <dependency identifierref="R_16991"/>
      <dependency identifierref="R_24893"/>
      <dependency identifierref="S_TransButton"/>
      <dependency identifierref="S_DLGFiles"/>
      <dependency identifierref="S_SCORMFiles"/>
      <dependency identifierref="S_BaseFiles"/>
    </resource>
    <resource identifier="P_19356" type="webcontent" adlcp:scormtype="asset">
      <file href="a001_lesson_6_assessment_assessment_question_3.html"/>
      <dependency identifierref="R_41"/>
      <dependency identifierref="R_42"/>
      <dependency identifierref="R_43"/>
      <dependency identifierref="R_45"/>
      <dependency identifierref="R_46"/>
      <dependency identifierref="R_16991"/>
      <dependency identifierref="R_24893"/>
      <dependency identifierref="S_TransButton"/>
      <dependency identifierref="S_DLGFiles"/>
      <dependency identifierref="S_SCORMFiles"/>
      <dependency identifierref="S_BaseFiles"/>
    </resource>
    <resource identifier="P_19340" type="webcontent" adlcp:scormtype="asset">
      <file href="a001_lesson_6_assessment_assessment_question_4.html"/>
      <dependency identifierref="R_41"/>
      <dependency identifierref="R_42"/>
      <dependency identifierref="R_43"/>
      <dependency identifierref="R_45"/>
      <dependency identifierref="R_46"/>
      <dependency identifierref="R_16991"/>
      <dependency identifierref="R_24893"/>
      <dependency identifierref="S_TransButton"/>
      <dependency identifierref="S_DLGFiles"/>
      <dependency identifierref="S_SCORMFiles"/>
      <dependency identifierref="S_BaseFiles"/>
    </resource>
    <resource identifier="P_19324" type="webcontent" adlcp:scormtype="asset">
      <file href="a001_lesson_6_assessment_assessment_question_5.html"/>
      <dependency identifierref="R_41"/>
      <dependency identifierref="R_42"/>
      <dependency identifierref="R_43"/>
      <dependency identifierref="R_45"/>
      <dependency identifierref="R_46"/>
      <dependency identifierref="R_16991"/>
      <dependency identifierref="R_24893"/>
      <dependency identifierref="S_TransButton"/>
      <dependency identifierref="S_DLGFiles"/>
      <dependency identifierref="S_SCORMFiles"/>
      <dependency identifierref="S_BaseFiles"/>
    </resource>
    <resource identifier="P_19302" type="webcontent" adlcp:scormtype="asset">
      <file href="a001_lesson_6_assessment_assessment_question_6.html"/>
      <dependency identifierref="R_41"/>
      <dependency identifierref="R_42"/>
      <dependency identifierref="R_43"/>
      <dependency identifierref="R_45"/>
      <dependency identifierref="R_46"/>
      <dependency identifierref="R_16991"/>
      <dependency identifierref="R_24893"/>
      <dependency identifierref="S_TransButton"/>
      <dependency identifierref="S_DLGFiles"/>
      <dependency identifierref="S_SCORMFiles"/>
      <dependency identifierref="S_BaseFiles"/>
    </resource>
    <resource identifier="P_19286" type="webcontent" adlcp:scormtype="asset">
      <file href="a001_lesson_6_assessment_assessment_question_7.html"/>
      <dependency identifierref="R_41"/>
      <dependency identifierref="R_42"/>
      <dependency identifierref="R_43"/>
      <dependency identifierref="R_45"/>
      <dependency identifierref="R_46"/>
      <dependency identifierref="R_16991"/>
      <dependency identifierref="R_24893"/>
      <dependency identifierref="S_TransButton"/>
      <dependency identifierref="S_DLGFiles"/>
      <dependency identifierref="S_SCORMFiles"/>
      <dependency identifierref="S_BaseFiles"/>
    </resource>
    <resource identifier="P_19274" type="webcontent" adlcp:scormtype="asset">
      <file href="a001_lesson_6_assessment_assessment_question_8.html"/>
      <dependency identifierref="R_41"/>
      <dependency identifierref="R_42"/>
      <dependency identifierref="R_43"/>
      <dependency identifierref="R_45"/>
      <dependency identifierref="R_46"/>
      <dependency identifierref="R_16991"/>
      <dependency identifierref="R_24893"/>
      <dependency identifierref="S_TransButton"/>
      <dependency identifierref="S_DLGFiles"/>
      <dependency identifierref="S_SCORMFiles"/>
      <dependency identifierref="S_BaseFiles"/>
    </resource>
    <resource identifier="P_19258" type="webcontent" adlcp:scormtype="asset">
      <file href="a001_lesson_6_assessment_assessment_question_9.html"/>
      <dependency identifierref="R_41"/>
      <dependency identifierref="R_42"/>
      <dependency identifierref="R_43"/>
      <dependency identifierref="R_45"/>
      <dependency identifierref="R_46"/>
      <dependency identifierref="R_16991"/>
      <dependency identifierref="R_24893"/>
      <dependency identifierref="S_TransButton"/>
      <dependency identifierref="S_DLGFiles"/>
      <dependency identifierref="S_SCORMFiles"/>
      <dependency identifierref="S_BaseFiles"/>
    </resource>
    <resource identifier="P_19242" type="webcontent" adlcp:scormtype="asset">
      <file href="a001_lesson_6_assessment_assessment_question_10.html"/>
      <dependency identifierref="R_41"/>
      <dependency identifierref="R_42"/>
      <dependency identifierref="R_43"/>
      <dependency identifierref="R_45"/>
      <dependency identifierref="R_46"/>
      <dependency identifierref="R_16991"/>
      <dependency identifierref="R_24893"/>
      <dependency identifierref="S_TransButton"/>
      <dependency identifierref="S_DLGFiles"/>
      <dependency identifierref="S_SCORMFiles"/>
      <dependency identifierref="S_BaseFiles"/>
    </resource>
    <resource identifier="P_17443" type="webcontent" adlcp:scormtype="asset">
      <file href="a001_assessment_report_congrats.html"/>
      <dependency identifierref="R_41"/>
      <dependency identifierref="R_42"/>
      <dependency identifierref="R_43"/>
      <dependency identifierref="R_45"/>
      <dependency identifierref="R_46"/>
      <dependency identifierref="R_24893"/>
      <dependency identifierref="S_TransButton"/>
      <dependency identifierref="S_DLGFiles"/>
      <dependency identifierref="S_SCORMFiles"/>
      <dependency identifierref="S_BaseFiles"/>
    </resource>
    <resource identifier="P_17446" type="webcontent" adlcp:scormtype="asset">
      <file href="a001_assessment_report_oops.html"/>
      <dependency identifierref="R_41"/>
      <dependency identifierref="R_42"/>
      <dependency identifierref="R_43"/>
      <dependency identifierref="R_45"/>
      <dependency identifierref="R_46"/>
      <dependency identifierref="R_19713"/>
      <dependency identifierref="R_24893"/>
      <dependency identifierref="S_TransButton"/>
      <dependency identifierref="S_DLGFiles"/>
      <dependency identifierref="S_SCORMFiles"/>
      <dependency identifierref="S_BaseFiles"/>
    </resource>
    <resource identifier="P_124" type="webcontent" adlcp:scormtype="asset">
      <file href="a001_popups_glossary.html"/>
      <dependency identifierref="R_24151"/>
      <dependency identifierref="S_TransButton"/>
      <dependency identifierref="S_DLGFiles"/>
      <dependency identifierref="S_SCORMFiles"/>
      <dependency identifierref="S_BaseFiles"/>
    </resource>
    <resource identifier="R_24215" type="webcontent" adlcp:scormtype="asset">
      <file href="images/splash.swf"/>
    </resource>
    <resource identifier="R_41" type="webcontent" adlcp:scormtype="asset">
      <file href="images/exit_up.jpg"/>
    </resource>
    <resource identifier="R_42" type="webcontent" adlcp:scormtype="asset">
      <file href="images/exit_down.jpg"/>
    </resource>
    <resource identifier="R_43" type="webcontent" adlcp:scormtype="asset">
      <file href="images/exit_over.jpg"/>
    </resource>
    <resource identifier="R_45" type="webcontent" adlcp:scormtype="asset">
      <file href="images/menu_up.jpg"/>
    </resource>
    <resource identifier="R_46" type="webcontent" adlcp:scormtype="asset">
      <file href="images/menu_over.jpg"/>
    </resource>
    <resource identifier="R_51" type="webcontent" adlcp:scormtype="asset">
      <file href="images/glossary_up.jpg"/>
    </resource>
    <resource identifier="R_52" type="webcontent" adlcp:scormtype="asset">
      <file href="images/glossary_over.jpg"/>
    </resource>
    <resource identifier="R_54" type="webcontent" adlcp:scormtype="asset">
      <file href="images/back_up.jpg"/>
    </resource>
    <resource identifier="R_55" type="webcontent" adlcp:scormtype="asset">
      <file href="images/back_down.jpg"/>
    </resource>
    <resource identifier="R_56" type="webcontent" adlcp:scormtype="asset">
      <file href="images/back_over.jpg"/>
    </resource>
    <resource identifier="R_58" type="webcontent" adlcp:scormtype="asset">
      <file href="images/next_up.jpg"/>
    </resource>
    <resource identifier="R_59" type="webcontent" adlcp:scormtype="asset">
      <file href="images/next_down.jpg"/>
    </resource>
    <resource identifier="R_60" type="webcontent" adlcp:scormtype="asset">
      <file href="images/next_over.jpg"/>
    </resource>
    <resource identifier="R_24893" type="webcontent" adlcp:scormtype="asset">
      <file href="images/coreaxis_online_layout_1.jpg"/>
    </resource>
    <resource identifier="R_24920" type="webcontent" adlcp:scormtype="asset">
      <file href="images/shape013_24920.png"/>
    </resource>
    <resource identifier="R_24921" type="webcontent" adlcp:scormtype="asset">
      <file href="images/shape015_24921.png"/>
    </resource>
    <resource identifier="R_24922" type="webcontent" adlcp:scormtype="asset">
      <file href="images/shape014_24922.png"/>
    </resource>
    <resource identifier="R_24993" type="webcontent" adlcp:scormtype="asset">
      <file href="images/progress24894.gif"/>
    </resource>
    <resource identifier="R_24994" type="webcontent" adlcp:scormtype="asset">
      <file href="images/progress24894_bar.gif"/>
    </resource>
    <resource identifier="R_22381" type="webcontent" adlcp:scormtype="asset">
      <file href="images/menu_ch1_empty.png"/>
    </resource>
    <resource identifier="R_22382" type="webcontent" adlcp:scormtype="asset">
      <file href="images/menu_ch1_full.png"/>
    </resource>
    <resource identifier="R_22383" type="webcontent" adlcp:scormtype="asset">
      <file href="images/menu_ch2_empty.png"/>
    </resource>
    <resource identifier="R_22384" type="webcontent" adlcp:scormtype="asset">
      <file href="images/menu_ch2_full.png"/>
    </resource>
    <resource identifier="R_22385" type="webcontent" adlcp:scormtype="asset">
      <file href="images/menu_ch3_empty.png"/>
    </resource>
    <resource identifier="R_22386" type="webcontent" adlcp:scormtype="asset">
      <file href="images/menu_ch3_full.png"/>
    </resource>
    <resource identifier="R_22387" type="webcontent" adlcp:scormtype="asset">
      <file href="images/menu_ch4_empty.png"/>
    </resource>
    <resource identifier="R_22388" type="webcontent" adlcp:scormtype="asset">
      <file href="images/menu_ch4_full.png"/>
    </resource>
    <resource identifier="R_22389" type="webcontent" adlcp:scormtype="asset">
      <file href="images/menu_ch5_empty.png"/>
    </resource>
    <resource identifier="R_22390" type="webcontent" adlcp:scormtype="asset">
      <file href="images/menu_ch5_full.png"/>
    </resource>
    <resource identifier="R_22391" type="webcontent" adlcp:scormtype="asset">
      <file href="images/menu_ch6_empty.png"/>
    </resource>
    <resource identifier="R_22392" type="webcontent" adlcp:scormtype="asset">
      <file href="images/menu_ch6_full.png"/>
    </resource>
    <resource identifier="R_24600" type="webcontent" adlcp:scormtype="asset">
      <file href="images/l1_slide_1.swf"/>
    </resource>
    <resource identifier="R_23981" type="webcontent" adlcp:scormtype="asset">
      <file href="images/l1_slide_2.png"/>
    </resource>
    <resource identifier="R_23987" type="webcontent" adlcp:scormtype="asset">
      <file href="images/l2_slide_1.png"/>
    </resource>
    <resource identifier="R_24152" type="webcontent" adlcp:scormtype="asset">
      <file href="images/l2_slide_2.swf"/>
    </resource>
    <resource identifier="R_24006" type="webcontent" adlcp:scormtype="asset">
      <file href="images/l2_slide_3.png"/>
    </resource>
    <resource identifier="R_24218" type="webcontent" adlcp:scormtype="asset">
      <file href="images/l2_slide_4a.png"/>
    </resource>
    <resource identifier="R_24221" type="webcontent" adlcp:scormtype="asset">
      <file href="images/l2_slide_4b.png"/>
    </resource>
    <resource identifier="R_24477" type="webcontent" adlcp:scormtype="asset">
      <file href="images/l2_slide_6.png"/>
    </resource>
    <resource identifier="R_24155" type="webcontent" adlcp:scormtype="asset">
      <file href="images/l2_slide_7.png"/>
    </resource>
    <resource identifier="R_24033" type="webcontent" adlcp:scormtype="asset">
      <file href="images/l2_slide_8.png"/>
    </resource>
    <resource identifier="R_24039" type="webcontent" adlcp:scormtype="asset">
      <file href="images/l3_slide_1.png"/>
    </resource>
    <resource identifier="R_24042" type="webcontent" adlcp:scormtype="asset">
      <file href="images/l3_slide_2.png"/>
    </resource>
    <resource identifier="R_24045" type="webcontent" adlcp:scormtype="asset">
      <file href="images/l3_slide_3b.png"/>
    </resource>
    <resource identifier="R_24048" type="webcontent" adlcp:scormtype="asset">
      <file href="images/l3_slide_3c.png"/>
    </resource>
    <resource identifier="R_24051" type="webcontent" adlcp:scormtype="asset">
      <file href="images/l3_slide_3a.png"/>
    </resource>
    <resource identifier="R_24066" type="webcontent" adlcp:scormtype="asset">
      <file href="images/l3_slide_4.png"/>
    </resource>
    <resource identifier="R_24261" type="webcontent" adlcp:scormtype="asset">
      <file href="images/l3_slide_7.swf"/>
    </resource>
    <resource identifier="R_24274" type="webcontent" adlcp:scormtype="asset">
      <file href="images/one_box.png"/>
    </resource>
    <resource identifier="R_24285" type="webcontent" adlcp:scormtype="asset">
      <file href="images/popup_window1.png"/>
    </resource>
    <resource identifier="R_24307" type="webcontent" adlcp:scormtype="asset">
      <file href="images/popup_window3.png"/>
    </resource>
    <resource identifier="R_24246" type="webcontent" adlcp:scormtype="asset">
      <file href="images/l3_slide_8small.png"/>
    </resource>
    <resource identifier="R_24250" type="webcontent" adlcp:scormtype="asset">
      <file href="images/l3_slide_8big.png"/>
    </resource>
    <resource identifier="R_24072" type="webcontent" adlcp:scormtype="asset">
      <file href="images/l3_slide_9.png"/>
    </resource>
    <resource identifier="R_24075" type="webcontent" adlcp:scormtype="asset">
      <file href="images/l4_slide_1.png"/>
    </resource>
    <resource identifier="R_24078" type="webcontent" adlcp:scormtype="asset">
      <file href="images/l4_slide_2.png"/>
    </resource>
    <resource identifier="R_24092" type="webcontent" adlcp:scormtype="asset">
      <file href="images/l4_slide_5.png"/>
    </resource>
    <resource identifier="R_24158" type="webcontent" adlcp:scormtype="asset">
      <file href="images/l4_slide_6.png"/>
    </resource>
    <resource identifier="R_24161" type="webcontent" adlcp:scormtype="asset">
      <file href="images/l4_slide_6a.png"/>
    </resource>
    <resource identifier="R_24095" type="webcontent" adlcp:scormtype="asset">
      <file href="images/l4_slide_7.png"/>
    </resource>
    <resource identifier="R_24098" type="webcontent" adlcp:scormtype="asset">
      <file href="images/l5_slide_1.png"/>
    </resource>
    <resource identifier="R_24227" type="webcontent" adlcp:scormtype="asset">
      <file href="images/l5_slide_2.png"/>
    </resource>
    <resource identifier="R_24224" type="webcontent" adlcp:scormtype="asset">
      <file href="images/l5_slide_3.swf"/>
    </resource>
    <resource identifier="R_24166" type="webcontent" adlcp:scormtype="asset">
      <file href="images/l5_slide_5.png"/>
    </resource>
    <resource identifier="R_24181" type="webcontent" adlcp:scormtype="asset">
      <file href="images/l5_slide_6b.png"/>
    </resource>
    <resource identifier="R_24184" type="webcontent" adlcp:scormtype="asset">
      <file href="images/l5_slide_6c.png"/>
    </resource>
    <resource identifier="R_24187" type="webcontent" adlcp:scormtype="asset">
      <file href="images/l5_slide_6a.png"/>
    </resource>
    <resource identifier="R_24036" type="webcontent" adlcp:scormtype="asset">
      <file href="images/lesson-5_slide_7.png"/>
    </resource>
    <resource identifier="R_24101" type="webcontent" adlcp:scormtype="asset">
      <file href="images/l5_slide_8.png"/>
    </resource>
    <resource identifier="R_24546" type="webcontent" adlcp:scormtype="asset">
      <file href="images/std_qt_okoff.gif"/>
      <file href="images/std_qt_okclk.gif"/>
      <file href="images/std_qt_okrol.gif"/>
    </resource>
    <resource identifier="R_24548" type="webcontent" adlcp:scormtype="asset">
      <file href="images/std_qt_printoff.gif"/>
      <file href="images/std_qt_printclk.gif"/>
      <file href="images/std_qt_printrol.gif"/>
    </resource>
    <resource identifier="R_18282" type="webcontent" adlcp:scormtype="asset">
      <file href="images/summary_and_assessment2.png"/>
    </resource>
    <resource identifier="R_16991" type="webcontent" adlcp:scormtype="asset">
      <file href="images/submit-btn.png"/>
    </resource>
    <resource identifier="R_19713" type="webcontent" adlcp:scormtype="asset">
      <file href="images/c6-p1.png"/>
    </resource>
    <resource identifier="R_24151" type="webcontent" adlcp:scormtype="asset">
      <file href="images/popup_headerbg.jpg"/>
    </resource>
    <resource identifier="T_18929" type="webcontent" adlcp:scormtype="asset">
      <file href="_tobj18929.xml"/>
    </resource>
    <resource identifier="S_TransButton" type="webcontent" adlcp:scormtype="asset">
      <file href="images/transbtn.gif"/>
    </resource>
    <resource identifier="S_DLGFiles" type="webcontent" adlcp:scormtype="asset">
      <file href="images/dlg-titlebar.gif"/>
      <file href="images/dlg-close.gif"/>
      <file href="images/dlg-resize.gif"/>
    </resource>
    <resource identifier="S_SCORMFiles" type="webcontent" adlcp:scormtype="asset">
      <file href="apiwrapper11.js"/>
      <file href="scofunctions.js"/>
    </resource>
    <resource identifier="S_BaseFiles" type="webcontent" adlcp:scormtype="asset">
      <file href="trivantis.css"/>
      <file href="dialog.css"/>
      <file href="trivantis.js"/>
      <file href="trivantis-timedate.js"/>
      <file href="trivantis-cookie.js"/>
      <file href="trivantis-dialog.js"/>
      <file href="trivantis-button.js"/>
      <file href="trivantis-image.js"/>
      <file href="trivantis-inline.js"/>
      <file href="trivantis-progress.js"/>
      <file href="trivantis-titlemgr.js"/>
      <file href="trivantis-strings.js"/>
      <file href="trivantis-titlemgr-interact.js"/>
    </resource>
    <resource identifier="S_AdditionalFiles" type="webcontent" adlcp:scormtype="asset">
      <file href="Structured%20Behavioral%20Interviewing%20Steps_InfoPro_v1[2]_KML.pdf"/>
    </resource>
  </resources>

</manifest>
