﻿<?xml version="1.0" encoding="utf-8"?>
<manifest identifier="_6bxh7ivvf8g" version="1.0" xmlns="http://www.imsproject.org/xsd/imscp_rootv1p1p2" xmlns:adlcp="http://www.adlnet.org/xsd/adlcp_rootv1p2" xmlns:xsi="http://www.w3.org/2001/XMLSchema-instance" xsi:schemaLocation="http://www.imsproject.org/xsd/imscp_rootv1p1p2 imscp_rootv1p1p2.xsd http://www.imsglobal.org/xsd/imsmd_rootv1p2p1 imsmd_rootv1p2p1.xsd http://www.adlnet.org/xsd/adlcp_rootv1p2 adlcp_rootv1p2.xsd">
  <metadata>
    <schema>ADL SCORM</schema>
    <schemaversion>1.2</schemaversion>
    <lom xmlns="http://www.imsglobal.org/xsd/imsmd_rootv1p2p1" xmlns:xsi="http://www.w3.org/2001/XMLSchema-instance" xsi:schemaLocation="http://www.imsglobal.org/xsd/imsmd_rootv1p2p1 imsmd_rootv1p2p1.xsd">
      <general>
        <title>
          <langstring xml:lang="x-none">View: Correspondence</langstring>
        </title>
        <keyword>
          <langstring xml:lang="x-none">View: Correspondence</langstring>
        </keyword>
      </general>
      <lifecycle>
        <version>
          <langstring xml:lang="x-none">1</langstring>
        </version>
        <status>
          <source>
            <langstring xml:lang="x-none">LOMv1.0</langstring>
          </source>
          <value>
            <langstring xml:lang="x-none">Final</langstring>
          </value>
        </status>
      </lifecycle>
      <metametadata>
        <metadatascheme>ADL SCORM 1.2</metadatascheme>
      </metametadata>
      <educational>
        <typicallearningtime>
          <datetime>PT0H20M0S</datetime>
        </typicallearningtime>
      </educational>
      <rights>
        <cost>
          <source>
            <langstring xml:lang="x-none">LOMv1.0</langstring>
          </source>
          <value>
            <langstring xml:lang="x-none">yes</langstring>
          </value>
        </cost>
        <copyrightandotherrestrictions>
          <source>
            <langstring xml:lang="x-none">LOMv1.0</langstring>
          </source>
          <value>
            <langstring xml:lang="x-none">yes</langstring>
          </value>
        </copyrightandotherrestrictions>
      </rights>
    </lom>
  </metadata>
  <organizations default="View:_Correspondence_ORG">
    <organization identifier="View:_Correspondence_ORG">
      <title>View: Correspondence</title>
      <item identifier="View:_Correspondence_SCO" isvisible="true" identifierref="__6bxh7ivvf8g_RES">
        <title>View: Correspondence</title>
        <adlcp:masteryscore>80</adlcp:masteryscore>
      </item>
    </organization>
  </organizations>
  <resources>
    <resource identifier="__6bxh7ivvf8g_RES" type="webcontent" href="index_lms.html" adlcp:scormtype="sco">
      <file href="story_content/thumbnail.jpg" />
      <file href="mobile/67vz4v7borj.png" />
      <file href="story_content/5h0Me6dXSXk_44100_48_0.mp3" />
      <file href="mobile/63yvywrH4aK_80_P_964_0_982_1093.jpg" />
      <file href="mobile/68lJKntcbyo.png" />
      <file href="story_content/6g4einuVjpm_44100_48_0.mp3" />
      <file href="mobile/6M6Pb1ELX3e.png" />
      <file href="story_content/6cILB5PXkIB_44100_48_0.mp3" />
      <file href="mobile/5w8i7F2Ms5H.png" />
      <file href="mobile/6fFhYMUAlQw.png" />
      <file href="mobile/5rdKfGrqzbT.png" />
      <file href="mobile/6dbDgh84QSb.png" />
      <file href="mobile/6PE5H1cX1qw.png" />
      <file href="mobile/5lQp6AY7hZx.png" />
      <file href="mobile/5YzC5HyvS6Y.png" />
      <file href="mobile/5WAntuoNTgt.png" />
      <file href="story_content/5YpsJOUtM6W_44100_48_0.mp3" />
      <file href="story_content/5c2K0Hp2JNR_44100_48_0.mp3" />
      <file href="mobile/61jluLNaJJM.png" />
      <file href="mobile/5jmlsUbls7q.png" />
      <file href="mobile/65IYY3LX6h7.png" />
      <file href="mobile/5xkNW9ewfqM.png" />
      <file href="mobile/6fV91Ts60FY.png" />
      <file href="mobile/6UxcKgxsvCi.png" />
      <file href="mobile/693Ep9Vinqe.png" />
      <file href="mobile/6OJWBAcL77i.png" />
      <file href="mobile/6C61baVKU0H_80_P_1188_0_859_878.jpg" />
      <file href="mobile/67vz4v7borj_RACACAA.png" />
      <file href="story_content/6EGMZOS280X_44100_48_0.mp3" />
      <file href="mobile/6NWHD96VDyK_80_P_7_0_604_733.jpg" />
      <file href="story_content/6BDLHB5jWml_44100_48_0.mp3" />
      <file href="story_content/5mfZGMaEAlP_44100_48_0.mp3" />
      <file href="mobile/5lCyJNgtHcx.png" />
      <file href="mobile/68uBLTjXBwp.png" />
      <file href="story_content/6kRnBNxQDhw_44100_48_0.mp3" />
      <file href="mobile/6De5D364Dso_80_P_0_0_1340_1365.jpg" />
      <file href="mobile/6llVABJOJYW_80.jpg" />
      <file href="story_content/6ieIDt27mm4_44100_48_0.mp3" />
      <file href="story_content/6CtEU80DrF4_44100_48_0.mp3" />
      <file href="mobile/6MeyXrsaGZN_80.jpg" />
      <file href="mobile/6lAmIhhwVwg_80.jpg" />
      <file href="story_content/5u8eFrB4ebF_44100_48_0.mp3" />
      <file href="mobile/5a0j60fjSkm_80.jpg" />
      <file href="story_content/5tz0b0eGm0o_44100_48_0.mp3" />
      <file href="mobile/6AO46FImu8S_80.jpg" />
      <file href="story_content/5X5zdgkOq9p_44100_48_0.mp3" />
      <file href="story_content/6dwkBWjofPO_44100_48_0.mp3" />
      <file href="mobile/5YRkmWCddGg_80.jpg" />
      <file href="story_content/6MtS9gP96vs_44100_48_0.mp3" />
      <file href="mobile/6SItJ3pGBB7_80.jpg" />
      <file href="story_content/6k8Uy9qgOtS_44100_48_0.mp3" />
      <file href="story_content/6cHa5Q7t3Lo_44100_48_0.mp3" />
      <file href="story_content/6C9Q1A7k5e8_44100_48_0.mp3" />
      <file href="mobile/68lMUvicmBZ_80_P_701_0_1346_1365.jpg" />
      <file href="mobile/5dGifywM5qp_80.jpg" />
      <file href="story_content/6btZr2zhW3Z_44100_48_0.mp3" />
      <file href="mobile/5mDo9YKlkkC_80.jpg" />
      <file href="mobile/6kEM8EG1Cgb_80.jpg" />
      <file href="mobile/6RD0xR2D6JT_80.jpg" />
      <file href="mobile/6Ovf43xSrJR_80.jpg" />
      <file href="mobile/69erapF45Jl_80.jpg" />
      <file href="story_content/5wXKSTHOARK_44100_48_0.mp3" />
      <file href="story_content/69V5D3iGeEj_44100_48_0.mp3" />
      <file href="story_content/5y8A0tJZ8Lt_44100_48_0.mp3" />
      <file href="story_content/6NJchkU6Mnt_44100_48_0.mp3" />
      <file href="mobile/6HCOL8d0uvQ_80.jpg" />
      <file href="mobile/5XxLpew3Cs2_80.jpg" />
      <file href="story_content/5jFTuqiORxj_44100_48_0.mp3" />
      <file href="mobile/6AY7tFm4Akh_80.jpg" />
      <file href="mobile/5VHzCbzcmyE_80.jpg" />
      <file href="story_content/6mxgGk370ix_44100_48_0.mp3" />
      <file href="story_content/61QiIfdr0e5_44100_48_0.mp3" />
      <file href="story_content/61M86OTEOtL_44100_48_0.mp3" />
      <file href="mobile/6pXQ1PAyn49_80_P_507_0_1217_1244.jpg" />
      <file href="mobile/6UAs5vojwVN_80.jpg" />
      <file href="story_content/6Phoo1hcsQD_44100_48_0.mp3" />
      <file href="story_content/5bMrFelxdKg_44100_48_0.mp3" />
      <file href="mobile/6oSwtEdjNcw_80.jpg" />
      <file href="mobile/6MzRPa6N44F_80.jpg" />
      <file href="story_content/69wkIDuz0bb_44100_48_0.mp3" />
      <file href="story_content/6XCRDAnvhFs_44100_48_0.mp3" />
      <file href="mobile/6Vigorvxyfc_80.jpg" />
      <file href="story_content/6EHJVaQK6xV_44100_48_0.mp3" />
      <file href="mobile/6M6Pb1ELX3e_P_0_0_461_484.png" />
      <file href="story_content/5xVN2ArIvff_44100_48_0.mp3" />
      <file href="story_content/6D2wGq3uttw_44100_48_0.mp3" />
      <file href="meta.xml" />
      <file href="story_content/triggers.js" />
      <file href="story_content/user.js" />
      <file href="story_content/external_files/TT-03105-01.pdf" />
      <file href="mobile/Shape5x75yLYPYTr.png" />
      <file href="mobile/Shape6ZIzy84zjov.png" />
      <file href="mobile/Shape5trm7R7bRkz.png" />
      <file href="mobile/Shape5orsEdGVfsN.png" />
      <file href="mobile/Shape655sENQbrel.png" />
      <file href="mobile/Shape5XwK9abdsi3.png" />
      <file href="mobile/Shape6KtrzWpu7lK.png" />
      <file href="mobile/Shape5rDXXyP3S0N.png" />
      <file href="mobile/Shape65ojR28Wuaf.png" />
      <file href="mobile/Shape6UdL8tvUYba.png" />
      <file href="mobile/Shape6BxJ4mz8fGV.png" />
      <file href="mobile/Shape6gv5Eil42Cm.png" />
      <file href="mobile/Shape6NT8VUvZlD2.png" />
      <file href="mobile/Shape6bpTcHFVQ7J.png" />
      <file href="mobile/Shape5dUwzClCRTv.png" />
      <file href="mobile/Shape5my2njgAeHw.png" />
      <file href="mobile/Shape6C3dLZGRVDl.png" />
      <file href="mobile/Shape5h0yaAeDXXg.png" />
      <file href="mobile/Shape6aCyQkWSXu4.png" />
      <file href="mobile/Shape6IbuIp803hf.png" />
      <file href="mobile/Shape6QOGI00H4Gz.png" />
      <file href="mobile/Shape6746yIZGQuk.png" />
      <file href="mobile/Shape5soxJ0d7vGq.png" />
      <file href="mobile/Shape6iS9ZTRZYO3.png" />
      <file href="mobile/Shape65LVfdLrLDU.png" />
      <file href="mobile/Shape5oIdH9QxmVc.png" />
      <file href="mobile/Shape6aXclv6yoZJ.png" />
      <file href="mobile/Shape6a0WB61VSx0.png" />
      <file href="mobile/Shape66u2gsRwcBs.png" />
      <file href="mobile/Shape6RTZ8duhXgJ.png" />
      <file href="mobile/Shape5f75YjeOIHd.png" />
      <file href="mobile/Shape63hPvoxisPv.png" />
      <file href="mobile/Shape5pzkuUftyxu.png" />
      <file href="mobile/Shape6P7SbMl2B6w.png" />
      <file href="mobile/Shape6U4vMD9cffG.png" />
      <file href="mobile/Shape5YVOaAO20Gh.png" />
      <file href="mobile/Shape5bEOaIVS4MD.png" />
      <file href="mobile/Shape5hw34KET6UI.png" />
      <file href="mobile/Shape5vwwJNAdoeX.png" />
      <file href="mobile/Shape6Rf6VaGFu7C.png" />
      <file href="mobile/Shape6JlMKQyyD2Y.png" />
      <file href="mobile/Shape6AU6YGHY7U7.png" />
      <file href="mobile/Shape6ObpnFDfmzW.png" />
      <file href="mobile/Shape5YIrISpEYXg.png" />
      <file href="mobile/Shape6I7VTA6gfOQ.png" />
      <file href="mobile/Shape66ZPXV9lCKi.png" />
      <file href="mobile/Shape69auPj8vFYz.png" />
      <file href="mobile/Shape5z2oMRcBYYC.png" />
      <file href="mobile/Shape6hLI9fav0rB.png" />
      <file href="mobile/Shape6fPn163PzDK.png" />
      <file href="mobile/Shape6Cr1vLarVka.png" />
      <file href="mobile/Shape6mVCQfCG2O9.png" />
      <file href="mobile/Shape5zPOmoyZSRs.png" />
      <file href="mobile/Shape61q2Y2Llaio.png" />
      <file href="mobile/Shape5xMUzcrc26b.png" />
      <file href="mobile/Shape5wG4d6F8dzU.png" />
      <file href="mobile/Shape6F3Nkh3pnSi.png" />
      <file href="mobile/Shape6fsw2e2Fc5y.png" />
      <file href="mobile/Shape6Y4mPscAM8p.png" />
      <file href="mobile/Shape5doqEf3jBvh.png" />
      <file href="mobile/Shape5b8T44hJMgz.png" />
      <file href="mobile/Shape5gu4P26CL06.png" />
      <file href="mobile/Shape5x17XHUczpt.png" />
      <file href="mobile/Shape65qvRS6LA8h.png" />
      <file href="mobile/Shape5x6OzV2ErJD.png" />
      <file href="mobile/Shape66URdkvKbJi.png" />
      <file href="mobile/Shape5zeCI6HHR43.png" />
      <file href="mobile/Shape64PSiGQCLsT.png" />
      <file href="mobile/Shape5VM0cLoOQ0C.png" />
      <file href="mobile/Shape5hvKMI2gB5Z.png" />
      <file href="mobile/Shape5uOayGALHYS.png" />
      <file href="mobile/Shape5UhOs7fMwUX.png" />
      <file href="mobile/Shape6QqYIv8FEdU.png" />
      <file href="mobile/Shape6eWDclQN4rp.png" />
      <file href="mobile/Shape61tPDdbCaOl.png" />
      <file href="mobile/Shape5un1V0D4Uir.png" />
      <file href="mobile/Shape5uouqzQCMqS.png" />
      <file href="mobile/Shape6YFibpFmHuR.png" />
      <file href="mobile/Shape6OKRiqhM2Nf.png" />
      <file href="mobile/Shape6EpLEX2iyTU.png" />
      <file href="mobile/Shape6Q2pykt90yf.png" />
      <file href="mobile/Shape6Tf0UVwoWUB.png" />
      <file href="mobile/Shape5wMp2kFnxIr.png" />
      <file href="mobile/Shape6UxVQX9jfQk.png" />
      <file href="mobile/Shape6p8BM1KhylT.png" />
      <file href="mobile/Shape66RNH2fi6b3.png" />
      <file href="mobile/Shape6q6OpUMXjFP.png" />
      <file href="mobile/Shape5rVhMRZchNg.png" />
      <file href="mobile/Shape6Yu6FVR2Uut.png" />
      <file href="mobile/Shape5xBX6mhuyI6.png" />
      <file href="html5/data/css/output.min.css" />
      <file href="html5/data/js/5eqKmp8UN7b.js" />
      <file href="html5/data/js/5eR4QUJE3qj.js" />
      <file href="html5/data/js/5i2vM1MQeBQ.js" />
      <file href="html5/data/js/5nmEsvNnErU.js" />
      <file href="html5/data/js/5qu18dcusyL.js" />
      <file href="html5/data/js/5uBAqVBaxWZ.js" />
      <file href="html5/data/js/5uzhcRynx5H.js" />
      <file href="html5/data/js/5VekyErxWlT.js" />
      <file href="html5/data/js/5vvM9lBTfB8.js" />
      <file href="html5/data/js/5WhdgIOf0H6.js" />
      <file href="html5/data/js/5wUT4wxX6fk.js" />
      <file href="html5/data/js/5ym0d2q28xN.js" />
      <file href="html5/data/js/62mRq8kDWYH.js" />
      <file href="html5/data/js/63ogMDDO00q.js" />
      <file href="html5/data/js/6C7iTBu5CFu.js" />
      <file href="html5/data/js/6dairgyFdhz.js" />
      <file href="html5/data/js/6DG8GASxdqm.js" />
      <file href="html5/data/js/6EgpDxsQ8JC.js" />
      <file href="html5/data/js/6FPyT9lJ9FT.js" />
      <file href="html5/data/js/6gUMQR4VnIl.js" />
      <file href="html5/data/js/6i0fpdvOXK7.js" />
      <file href="html5/data/js/6NSoeeIh3Fj.js" />
      <file href="html5/data/js/6pCqsOqPfzD.js" />
      <file href="html5/data/js/6PuYGCNrJGy.js" />
      <file href="html5/data/js/6RaRTXKuDhM.js" />
      <file href="html5/data/js/6RDARQDheEm.js" />
      <file href="html5/data/js/data.js" />
      <file href="html5/data/js/frame.js" />
      <file href="html5/data/js/paths.js" />
      <file href="html5/lib/scripts/bootstrapper.min.js" />
      <file href="html5/lib/scripts/frame.desktop.min.js" />
      <file href="html5/lib/scripts/frame.mobile.min.js" />
      <file href="html5/lib/scripts/slides.min.js" />
      <file href="html5/lib/stylesheets/desktop.min.css" />
      <file href="html5/lib/stylesheets/mobile.min.css" />
      <file href="html5/lib/stylesheets/mobile-fonts/open-sans-bold.woff" />
      <file href="html5/lib/stylesheets/mobile-fonts/open-sans-light.woff" />
      <file href="html5/lib/stylesheets/mobile-fonts/open-sans-regular.woff" />
      <file href="analytics-frame.html" />
      <file href="story.html" />
      <file href="index_lms.html" />
      <file href="lms/AICCComm.html" />
      <file href="lms/blank.html" />
      <file href="lms/browsersniff.js" />
      <file href="lms/goodbye.html" />
      <file href="lms/scormdriver.js" />
    </resource>
  </resources>
</manifest>