﻿<?xml version="1.0" encoding="utf-8"?><meta xmlns:xsd="http://www.w3.org/2001/XMLSchema" xmlns:xsi="http://www.w3.org/2001/XMLSchema-instance"><project id="6gR9A5ODsTK" courseid="6bxh7ivvf8g" thumburl="story_content/thumbnail.jpg" title="View: Correspondence" datepublished="2025-07-16T09:05:56" version="1.0.0.0" flashdata="story_content/data.swf" html5data="mobile/data.json" mobiledata="mobile/data.gz" enabledownload="false" duration="About 4 minutes" totalaudio="313798" totalvideo="0"><description /><keywords>View: Correspondence</keywords><slidemeta moniker="slide" monikerplural="slides" viewslides="26" slidecountdescription="26 slides" /><author name="GCS Global Learning Content Design &amp; Development" email="" website="" /><application name="Articulate Storyline" version="3.101.34961.0" xmlversion="4.0" /></project></meta>